sample,PC1,PC2,BAP1_status,BAP1_z,GNAQ_or_GNA11_mut
TCGA-RZ-AB0B-01,1.6743184883316284,0.35331092404555414,BAP1-low,-1.9417,True
TCGA-V3-A9ZX-01,1.1321575698711603,-2.2200815962197895,BAP1-low,-2.6339,True
TCGA-V3-A9ZY-01,-2.8404995620305313,0.2337935261887878,BAP1-high,0.115,True
TCGA-V4-A9E5-01,-2.646197214198547,0.7290139576696836,BAP1-high,0.8854,True
TCGA-V4-A9E7-01,0.05193055715652528,-0.8657663582914664,BAP1-low,-2.2916,True
TCGA-V4-A9E8-01,-1.009154743760101,-3.000831426271606,BAP1-low,-2.8576,True
TCGA-V4-A9E9-01,-3.3069123163506493,0.457653769378533,BAP1-high,0.8423,True
TCGA-V4-A9EA-01,-5.491577950487142,2.3000942987217528,BAP1-high,3.6037,True
TCGA-V4-A9EC-01,-0.9279127400302372,0.38884758549421794,BAP1-high,-0.2382,True
TCGA-V4-A9ED-01,-0.6215449465910321,-0.8790074142611058,BAP1-low,-1.5462,False
TCGA-V4-A9EE-01,1.9582129800552805,-0.5625166507119036,BAP1-low,-2.582,True
TCGA-V4-A9EF-01,-0.07725916144447786,-1.1096142878340727,BAP1-low,-2.7862,True
TCGA-V4-A9EH-01,-1.4608741370188976,0.7092565361956908,BAP1-high,0.2971,True
TCGA-V4-A9EI-01,0.8074652803003436,-0.25229538097477666,BAP1-low,-1.7232,True
TCGA-V4-A9EJ-01,-1.6833621528375584,0.644902270582907,BAP1-high,0.0416,True
TCGA-V4-A9EK-01,2.958757671387381,1.9446828018178133,BAP1-high,-0.9124,True
TCGA-V4-A9EL-01,1.8085006050752366,-1.747369387931899,BAP1-low,-2.9216,True
TCGA-V4-A9EM-01,-2.6324743127117514,0.55944891793985,BAP1-high,0.4658,True
TCGA-V4-A9EO-01,1.9337320322431197,1.02408315069156,BAP1-low,-1.4603,True
TCGA-V4-A9EQ-01,-1.5120726613936353,-1.7224553099638964,BAP1-low,-2.9556,True
TCGA-V4-A9ES-01,3.7101066329163164,1.484867074044538,BAP1-low,-2.3516,True
TCGA-V4-A9ET-01,-3.873710335150014,0.6511819641170606,BAP1-high,1.2334,True
TCGA-V4-A9EU-01,3.7405568750564147,-0.8693300958074751,BAP1-low,-2.8986,True
TCGA-V4-A9EV-01,1.7950772657017566,-1.0136445207445623,BAP1-low,-2.6606,True
TCGA-V4-A9EW-01,0.5975106401033702,2.161174716349368,BAP1-high,-0.2821,True
TCGA-V4-A9EX-01,1.546491546374325,-0.5582606719110287,BAP1-low,-1.6964,True
TCGA-V4-A9EY-01,-4.768961123441459,1.776103233263962,BAP1-high,2.3154,True
TCGA-V4-A9EZ-01,-3.7978307507497235,0.8877278337522663,BAP1-high,0.9594,True
TCGA-V4-A9F0-01,0.9307115755200307,-1.4698084158418383,BAP1-low,-2.8634,True
TCGA-V4-A9F1-01,2.736072909814035,0.5816018792802643,BAP1-low,-2.0609,True
TCGA-V4-A9F2-01,-0.9467271283737476,-0.07297264016864558,BAP1-high,-0.8404,True
TCGA-V4-A9F3-01,1.8372030277066318,-0.29862691603201774,BAP1-low,-2.4799,True
TCGA-V4-A9F4-01,-0.5078764592047054,1.1429905948167902,BAP1-high,-0.3787,True
TCGA-V4-A9F5-01,0.6155748520706056,-1.3651326620504505,BAP1-low,-2.7088,True
TCGA-V4-A9F7-01,1.5596520252947994,1.7778993392662963,BAP1-high,-0.4869,True
TCGA-V4-A9F8-01,-2.578952744113976,-0.5710645967157996,BAP1-high,-1.0738,True
TCGA-VD-A8K7-01,2.4214001403059773,2.49182749270201,BAP1-high,-0.7201,True
TCGA-VD-A8K8-01,0.9802287005148639,-0.2819110425068071,BAP1-low,-1.8476,True
TCGA-VD-A8K9-01,0.5643662049808423,1.6775733593359563,BAP1-high,-0.2574,True
TCGA-VD-A8KA-01,-1.561135195987473,1.1245749352363523,BAP1-high,0.1427,True
TCGA-VD-A8KB-01,-1.9975086328100429,1.2241698828005378,BAP1-high,0.6458,True
TCGA-VD-A8KD-01,2.6700249443176163,0.3201689956429451,BAP1-low,-1.8271,False
TCGA-VD-A8KE-01,-1.5437611583416415,0.9126233463732569,BAP1-high,0.0399,True
TCGA-VD-A8KF-01,2.789735513215907,0.29778533377691885,BAP1-low,-2.9247,True
TCGA-VD-A8KG-01,-2.922887406674642,0.5877465966277063,BAP1-high,0.5864,True
TCGA-VD-A8KH-01,1.5793933413630854,0.3797729228369716,BAP1-low,-1.9214,True
TCGA-VD-A8KI-01,-0.12756089194075987,-3.373331959125555,BAP1-low,-2.9949,True
TCGA-VD-A8KJ-01,0.43182681710875126,0.9568110904916067,BAP1-high,-0.6835,False
TCGA-VD-A8KK-01,0.3450982264136244,-1.9229499333553397,BAP1-low,-2.8494,True
TCGA-VD-A8KL-01,-1.2105469540826193,-1.383744868987546,BAP1-low,-1.4341,True
TCGA-VD-A8KM-01,1.3264051814056659,-3.5883967580954397,BAP1-low,-2.7662,True
TCGA-VD-A8KN-01,1.302716770876351,-1.1075225156118949,BAP1-low,-2.9253,True
TCGA-VD-A8KO-01,2.595522297671495,1.7201028272717558,BAP1-low,-1.4497,True
TCGA-VD-AA8M-01,-2.616462838282104,0.6352793665251171,BAP1-high,0.0863,True
TCGA-VD-AA8N-01,-0.6112224491879835,-1.471994484439823,BAP1-low,-1.9603,True
TCGA-VD-AA8O-01,-0.6486410587199518,-2.5995058452236184,BAP1-low,-2.7678,False
TCGA-VD-AA8P-01,-0.4812739945590469,-0.20518660092674945,BAP1-low,-1.7307,True
TCGA-VD-AA8Q-01,-0.7063127897813688,-0.26539086640878373,BAP1-high,-0.1713,True
TCGA-VD-AA8R-01,0.39193360192450044,1.2810027747044057,BAP1-high,-0.9448,True
TCGA-VD-AA8S-01,-3.1330032508697934,0.26064252710180535,BAP1-high,0.2756,True
TCGA-VD-AA8T-01,4.701651742798694,1.8403025281864007,BAP1-low,-2.8311,True
TCGA-WC-A87T-01,1.7154119675957453,1.3551927466626312,BAP1-high,-0.9325,True
TCGA-WC-A87U-01,1.3774122958805393,1.074117364894449,BAP1-high,-0.9255,True
TCGA-WC-A87W-01,3.128311184895889,3.063749702657597,BAP1-high,-0.8572,True
TCGA-WC-A87Y-01,1.9522680770446517,-0.7446680407961578,BAP1-low,-2.6794,True
TCGA-WC-A880-01,-0.8972768634950903,0.5166248428067335,BAP1-high,-0.5795,True
TCGA-WC-A881-01,0.6936297219093118,0.26984174411319406,BAP1-high,-0.6799,True
TCGA-WC-A882-01,-2.3528480999166947,-0.8579151138592326,BAP1-high,-1.1998,True
TCGA-WC-A883-01,1.796235505810344,-0.910265231082659,BAP1-low,-2.5575,True
TCGA-WC-A884-01,-1.700991813639447,-0.1689434534137978,BAP1-high,-0.5667,True
TCGA-WC-A885-01,-2.6973724438480144,0.17276099839459946,BAP1-high,0.4082,True
TCGA-WC-A888-01,0.5877898014687778,-1.171928516948881,BAP1-low,-1.7197,True
TCGA-WC-A88A-01,-0.19901905009542548,-0.3212799468358071,BAP1-high,-1.3537,True
TCGA-WC-AA9A-01,1.9218524105178432,-0.11015086080531011,BAP1-low,-1.9634,True
TCGA-WC-AA9E-01,0.6273237152838514,0.7609876050289027,BAP1-high,-0.6641,True
TCGA-YZ-A980-01,0.11192125747138626,-0.9865867711012931,BAP1-low,-2.2898,True
TCGA-YZ-A982-01,-1.6214313994989822,-0.077420875333432,BAP1-high,0.5121,False
TCGA-YZ-A983-01,0.594625176908438,0.727958604604079,BAP1-high,-1.0245,True
TCGA-YZ-A984-01,-0.6089395350062083,-1.9862217744047665,BAP1-low,-2.8146,False
TCGA-YZ-A985-01,0.3209791339623491,-1.3461581713975899,BAP1-low,-2.9954,True
